{
  "pool": {
    "n": 10934,
    "F": 6811,
    "NFR": 4123,
    "F_ratio": 0.6229193341869398
  },
  "train": {
    "n": 8747,
    "F": 5449,
    "NFR": 3298,
    "F_ratio": 0.6229564422087572
  },
  "dev": {
    "n": 1093,
    "F": 681,
    "NFR": 412,
    "F_ratio": 0.6230558096980787
  },
  "test": {
    "n": 1094,
    "F": 681,
    "NFR": 413,
    "F_ratio": 0.6224862888482633
  }
}