{
  "n": 3287,
  "phase1": {
    "accuracy": 0.6206267112868877,
    "precision": 0.6693855356171833,
    "recall": 0.658288770053476,
    "f1": 0.6637907791857643,
    "roc_auc": 0.6453430271832862,
    "pr_auc": 0.6730837817309772
  },
  "phase1_5": {
    "accuracy": 0.7912990568907818,
    "precision": 0.8061013443640124,
    "recall": 0.8336898395721926,
    "f1": 0.8196635120925343,
    "roc_auc": 0.8722991255910846,
    "pr_auc": 0.898854874191793
  },
  "delta": {
    "accuracy": 0.1706723456038941,
    "precision": 0.1367158087468291,
    "recall": 0.1754010695187166,
    "f1": 0.15587273290676995,
    "roc_auc": 0.2269560984077984,
    "pr_auc": 0.22577109246081584
  }
}