{
  "metadata": {
    "n_samples": 3287,
    "n_positive": 1870,
    "n_negative": 1417,
    "phase1_run": "20260204_040553",
    "phase1_5_run": "20260205_162327",
    "timestamp": "20260205_170120"
  },
  "baseline": {
    "phase1": {
      "accuracy": 0.6206267112868877,
      "precision": 0.6693855356171833,
      "recall": 0.658288770053476,
      "f1": 0.6637907791857643,
      "roc_auc": 0.6453430271832862,
      "pr_auc": 0.6730837817309772
    }
  },
  "context_window": {
    "n=1": {
      "n_before": 1,
      "n_after": 1,
      "feature_dim": 2305,
      "model_type": "untrained_flexible",
      "metrics": {
        "accuracy": 0.5689078186796471,
        "precision": 0.5689078186796471,
        "recall": 1.0,
        "f1": 0.7252278456466938,
        "roc_auc": 0.5235616784726337,
        "pr_auc": 0.590390781215285
      },
      "delta_vs_baseline": {
        "accuracy": -0.05171889260724061,
        "precision": -0.10047771693753615,
        "recall": 0.34171122994652403,
        "f1": 0.0614370664609295,
        "roc_auc": -0.12178134871065249,
        "pr_auc": -0.08269300051569217
      }
    },
    "n=2": {
      "n_before": 2,
      "n_after": 2,
      "feature_dim": 2305,
      "model_type": "original_phase1.5",
      "metrics": {
        "accuracy": 0.7912990568907818,
        "precision": 0.8061013443640124,
        "recall": 0.8336898395721926,
        "f1": 0.8196635120925343,
        "roc_auc": 0.8722991255910846,
        "pr_auc": 0.898854874191793
      },
      "delta_vs_baseline": {
        "accuracy": 0.1706723456038941,
        "precision": 0.1367158087468291,
        "recall": 0.1754010695187166,
        "f1": 0.15587273290676995,
        "roc_auc": 0.2269560984077984,
        "pr_auc": 0.22577109246081584
      }
    },
    "n=3": {
      "n_before": 3,
      "n_after": 3,
      "feature_dim": 2305,
      "model_type": "untrained_flexible",
      "metrics": {
        "accuracy": 0.5591724977182841,
        "precision": 0.5662992125984252,
        "recall": 0.9614973262032086,
        "f1": 0.712784935579782,
        "roc_auc": 0.46122126659093743,
        "pr_auc": 0.5370857002841246
      },
      "delta_vs_baseline": {
        "accuracy": -0.06145421356860359,
        "precision": -0.10308632301875809,
        "recall": 0.30320855614973263,
        "f1": 0.04899415639401761,
        "roc_auc": -0.18412176059234875,
        "pr_auc": -0.13599808144685255
      }
    }
  },
  "feature_ablation": {
    "sent_only": {
      "description": "Sentence embeddings only",
      "feature_dim": 768,
      "model_type": "phase1",
      "metrics": {
        "accuracy": 0.6206267112868877,
        "precision": 0.6693855356171833,
        "recall": 0.658288770053476,
        "f1": 0.6637907791857643,
        "roc_auc": 0.6453430271832862,
        "pr_auc": 0.6730837817309772
      },
      "delta_vs_baseline": {
        "accuracy": 0.0,
        "precision": 0.0,
        "recall": 0.0,
        "f1": 0.0,
        "roc_auc": 0.0,
        "pr_auc": 0.0
      }
    },
    "sent_ctx": {
      "description": "Sentence + Context embeddings",
      "feature_dim": 1536,
      "model_type": "untrained_flexible",
      "metrics": {
        "accuracy": 0.43109218132035293,
        "precision": 0.0,
        "recall": 0.0,
        "f1": 0.0,
        "roc_auc": 0.4446420282361998,
        "pr_auc": 0.5290497671154851
      },
      "delta_vs_baseline": {
        "accuracy": -0.1895345299665348,
        "precision": -0.6693855356171833,
        "recall": -0.658288770053476,
        "f1": -0.6637907791857643,
        "roc_auc": -0.20070099894708637,
        "pr_auc": -0.14403401461549203
      }
    },
    "sent_ctx_diff": {
      "description": "Sentence + Context + Abs difference",
      "feature_dim": 2304,
      "model_type": "untrained_flexible",
      "metrics": {
        "accuracy": 0.4618192881046547,
        "precision": 0.594392523364486,
        "recall": 0.17005347593582887,
        "f1": 0.26444906444906446,
        "roc_auc": 0.5096268006143883,
        "pr_auc": 0.574210524624575
      },
      "delta_vs_baseline": {
        "accuracy": -0.158807423182233,
        "precision": -0.07499301225269728,
        "recall": -0.4882352941176471,
        "f1": -0.3993417147366999,
        "roc_auc": -0.13571622656889792,
        "pr_auc": -0.09887325710640216
      }
    },
    "full": {
      "description": "Sentence + Context + Abs diff + Cosine (Phase-1.5 default)",
      "feature_dim": 2305,
      "model_type": "phase1.5",
      "metrics": {
        "accuracy": 0.7912990568907818,
        "precision": 0.8061013443640124,
        "recall": 0.8336898395721926,
        "f1": 0.8196635120925343,
        "roc_auc": 0.8722991255910846,
        "pr_auc": 0.898854874191793
      },
      "delta_vs_baseline": {
        "accuracy": 0.1706723456038941,
        "precision": 0.1367158087468291,
        "recall": 0.1754010695187166,
        "f1": 0.15587273290676995,
        "roc_auc": 0.2269560984077984,
        "pr_auc": 0.22577109246081584
      }
    }
  },
  "summary_table": [
    {
      "experiment": "Baseline (Phase-1)",
      "config": "sent_only, n=N/A",
      "f1": 0.6637907791857643,
      "accuracy": 0.6206267112868877,
      "precision": 0.6693855356171833,
      "recall": 0.658288770053476,
      "roc_auc": 0.6453430271832862
    },
    {
      "experiment": "Context n=1",
      "config": "full features, untrained_flexible",
      "f1": 0.7252278456466938,
      "accuracy": 0.5689078186796471,
      "precision": 0.5689078186796471,
      "recall": 1.0,
      "roc_auc": 0.5235616784726337
    },
    {
      "experiment": "Context n=2",
      "config": "full features, original_phase1.5",
      "f1": 0.8196635120925343,
      "accuracy": 0.7912990568907818,
      "precision": 0.8061013443640124,
      "recall": 0.8336898395721926,
      "roc_auc": 0.8722991255910846
    },
    {
      "experiment": "Context n=3",
      "config": "full features, untrained_flexible",
      "f1": 0.712784935579782,
      "accuracy": 0.5591724977182841,
      "precision": 0.5662992125984252,
      "recall": 0.9614973262032086,
      "roc_auc": 0.46122126659093743
    },
    {
      "experiment": "Features: sent_only",
      "config": "n=2, phase1",
      "f1": 0.6637907791857643,
      "accuracy": 0.6206267112868877,
      "precision": 0.6693855356171833,
      "recall": 0.658288770053476,
      "roc_auc": 0.6453430271832862
    },
    {
      "experiment": "Features: sent_ctx",
      "config": "n=2, untrained_flexible",
      "f1": 0.0,
      "accuracy": 0.43109218132035293,
      "precision": 0.0,
      "recall": 0.0,
      "roc_auc": 0.4446420282361998
    },
    {
      "experiment": "Features: sent_ctx_diff",
      "config": "n=2, untrained_flexible",
      "f1": 0.26444906444906446,
      "accuracy": 0.4618192881046547,
      "precision": 0.594392523364486,
      "recall": 0.17005347593582887,
      "roc_auc": 0.5096268006143883
    },
    {
      "experiment": "Features: full",
      "config": "n=2, phase1.5",
      "f1": 0.8196635120925343,
      "accuracy": 0.7912990568907818,
      "precision": 0.8061013443640124,
      "recall": 0.8336898395721926,
      "roc_auc": 0.8722991255910846
    }
  ]
}