experiment,config,f1,accuracy,precision,recall,roc_auc
Baseline (Phase-1),"sent_only, n=N/A",0.6637907791857643,0.6206267112868877,0.6693855356171833,0.658288770053476,0.6453430271832862
Context n=1,"full features, untrained_flexible",0.7252278456466938,0.5689078186796471,0.5689078186796471,1.0,0.5235616784726337
Context n=2,"full features, original_phase1.5",0.8196635120925343,0.7912990568907818,0.8061013443640124,0.8336898395721926,0.8722991255910846
Context n=3,"full features, untrained_flexible",0.712784935579782,0.5591724977182841,0.5662992125984252,0.9614973262032086,0.46122126659093743
Features: sent_only,"n=2, phase1",0.6637907791857643,0.6206267112868877,0.6693855356171833,0.658288770053476,0.6453430271832862
Features: sent_ctx,"n=2, untrained_flexible",0.0,0.43109218132035293,0.0,0.0,0.4446420282361998
Features: sent_ctx_diff,"n=2, untrained_flexible",0.26444906444906446,0.4618192881046547,0.594392523364486,0.17005347593582887,0.5096268006143883
Features: full,"n=2, phase1.5",0.8196635120925343,0.7912990568907818,0.8061013443640124,0.8336898395721926,0.8722991255910846
