{
  "n": 200,
  "accuracy": 0.5,
  "precision": 0.5701754385964912,
  "recall": 0.5603448275862069,
  "f1": 0.5652173913043478,
  "roc_auc": 0.4903530377668308,
  "pr_auc": 0.5803686044612855,
  "confidence_buckets": {
    "low": 59,
    "high": 49,
    "medium": 92
  }
}