experiment,config,f1,accuracy,precision,recall,roc_auc
Baseline (Phase-1),"sent_only, n=N/A",0.6637907791857643,0.6206267112868877,0.6693855356171833,0.658288770053476,0.6453430271832862
Context n=1,"full features, trained_ablation_20260205_173133_n1-1_full",0.8244749805548354,0.7940371159111652,0.8002013085052844,0.8502673796791443,0.8761458455198337
Context n=2,"full features, trained_ablation_20260205_173139_n2-2_full",0.8196635120925343,0.7912990568907818,0.8061013443640124,0.8336898395721926,0.8722991255910846
Context n=3,"full features, trained_ablation_20260205_173314_n3-3_full",0.8123366440146367,0.781563735929419,0.7944785276073619,0.8310160427807487,0.8647347525652977
Features: sent_only,"n=2, phase1",0.6637907791857643,0.6206267112868877,0.6693855356171833,0.658288770053476,0.6453430271832862
Features: sent_ctx,"n=2, untrained_flexible",0.0,0.43109218132035293,0.0,0.0,0.47101826937228986
Features: sent_ctx_diff,"n=2, untrained_flexible",0.0,0.43109218132035293,0.0,0.0,0.5058453688782885
Features: full,"n=2, phase1.5",0.8196635120925343,0.7912990568907818,0.8061013443640124,0.8336898395721926,0.8722991255910846
