{
  "n": 200,
  "phase1": {
    "accuracy": 0.5,
    "precision": 0.5701754385964912,
    "recall": 0.5603448275862069,
    "f1": 0.5652173913043478,
    "roc_auc": 0.4903530377668308,
    "pr_auc": 0.5803686044612855
  },
  "phase1_5": {
    "accuracy": 0.835,
    "precision": 0.8074074074074075,
    "recall": 0.9396551724137931,
    "f1": 0.8685258964143427,
    "roc_auc": 0.8921387520525452,
    "pr_auc": 0.9056537678153335
  },
  "delta": {
    "accuracy": 0.33499999999999996,
    "precision": 0.23723196881091624,
    "recall": 0.3793103448275863,
    "f1": 0.30330850510999496,
    "roc_auc": 0.4017857142857144,
    "pr_auc": 0.325285163354048
  }
}