{
  "n": 3287,
  "phase1": {
    "accuracy": 0.6206267112868877,
    "precision": 0.6693855356171833,
    "recall": 0.658288770053476,
    "f1": 0.6637907791857643,
    "roc_auc": 0.6453430271832863,
    "pr_auc": 0.6730839254726928
  },
  "phase1_5": {
    "accuracy": 0.7359294189230301,
    "precision": 0.7015285599356396,
    "recall": 0.932620320855615,
    "f1": 0.8007346189164372,
    "roc_auc": 0.8495743058883911,
    "pr_auc": 0.877819225064624
  },
  "delta": {
    "accuracy": 0.11530270763614237,
    "precision": 0.03214302431845628,
    "recall": 0.274331550802139,
    "f1": 0.1369438397306728,
    "roc_auc": 0.20423127870510482,
    "pr_auc": 0.20473529959193115
  }
}